,type,price,index,position,capital
0,BUY,590.8200073242188,2026-03-19 14:06:00+00:00,169.2562857728749,
1,SELL,590.989990234375,2026-03-19 14:08:00+00:00,,100028.77067601791
2,BUY,590.8660278320312,2026-03-19 14:09:00+00:00,169.29179537201898,
3,SELL,591.1812133789062,2026-03-19 14:14:00+00:00,,100082.12900312369
4,BUY,589.6199951171875,2026-03-19 14:30:00+00:00,169.74005263039336,
5,SELL,591.1099853515625,2026-03-19 14:37:00+00:00,,100335.04002392526
6,BUY,590.4600219726562,2026-03-19 14:39:00+00:00,169.92689816444795,
7,SELL,590.9000244140625,2026-03-19 14:41:00+00:00,,100409.80827397821
8,BUY,590.580078125,2026-03-19 14:48:00+00:00,170.01895592679617,
9,SELL,591.2000122070312,2026-03-19 14:54:00+00:00,,100515.2088193486
10,BUY,590.6599731445312,2026-03-19 14:55:00+00:00,170.17440386933598,
11,SELL,592.760009765625,2026-03-19 15:16:00+00:00,,100872.581299447
12,BUY,589.5081787109375,2026-03-19 15:51:00+00:00,171.11311588589408,
13,SELL,589.6199951171875,2026-03-19 15:52:00+00:00,,100891.7145531276
14,BUY,589.3400268554688,2026-03-19 15:54:00+00:00,171.19440383415625,
15,SELL,591.22998046875,2026-03-19 16:09:00+00:00,,101215.2640352275
16,BUY,590.6300048828125,2026-03-19 16:11:00+00:00,171.36830705935728,
17,SELL,591.0700073242188,2026-03-19 16:12:00+00:00,,101290.66650871327
18,BUY,590.2100219726562,2026-03-19 16:26:00+00:00,171.61800501145328,
19,SELL,590.7449951171875,2026-03-19 16:30:00+00:00,,101382.47753251242
20,BUY,589.8800048828125,2026-03-19 16:37:00+00:00,171.86966280142585,
21,SELL,590.6400146484375,2026-03-19 16:48:00+00:00,,101513.10015465617
22,BUY,589.10498046875,2026-03-19 17:17:00+00:00,172.3175045539122,
23,SELL,589.9000244140625,2026-03-19 17:32:00+00:00,,101650.10014332313
24,BUY,589.6699829101562,2026-03-19 17:35:00+00:00,172.38472889811456,
25,SELL,589.9199829101562,2026-03-19 17:36:00+00:00,,101693.19632554766
26,BUY,589.580078125,2026-03-19 17:44:00+00:00,172.48411216497573,
27,SELL,589.6799926757812,2026-03-19 17:46:00+00:00,,101710.42999813151
28,BUY,589.6300048828125,2026-03-19 17:49:00+00:00,172.49873506411228,
29,SELL,590.1300048828125,2026-03-19 17:59:00+00:00,,101796.67936566356
30,BUY,589.8800048828125,2026-03-19 18:06:00+00:00,172.57184261718928,
31,SELL,591.0700073242188,2026-03-19 18:27:00+00:00,,102002.040279696
32,BUY,589.8250122070312,2026-03-19 18:53:00+00:00,172.93610506278907,
33,SELL,594.530029296875,2026-03-19 19:22:00+00:00,,102815.70760946744
34,BUY,593.0399780273438,2026-03-19 19:38:00+00:00,173.37061820261778,
35,SELL,593.510009765625,2026-03-19 19:40:00+00:00,,102897.19730250812
36,BUY,593.3200073242188,2026-03-19 19:41:00+00:00,173.4261377204496,
37,SELL,593.5850219726562,2026-03-19 19:43:00+00:00,,102943.15776942598
38,BUY,593.260009765625,2026-03-19 19:46:00+00:00,173.52114768378706,
39,SELL,593.489990234375,2026-03-19 19:47:00+00:00,,102983.06424430832
40,BUY,592.8699951171875,2026-03-19 19:54:00+00:00,173.7026078102545,
41,SELL,593.4299926757812,2026-03-19 19:55:00+00:00,,103080.33728060343
42,BUY,593.1900024414062,2026-03-19 19:56:00+00:00,173.7728836567596,
43,SELL,593.2999877929688,2026-03-19 19:58:00+00:00,,103099.44975230446
44,BUY,590.27001953125,2026-03-20 13:43:00+00:00,174.66489291490464,
45,SELL,590.4600219726562,2026-03-20 13:45:00+00:00,,103132.63650838625
46,BUY,585.9450073242188,2026-03-20 14:29:00+00:00,176.0107778362215,
47,SELL,586.75,2026-03-20 14:36:00+00:00,,103274.32389540297
48,BUY,586.3599853515625,2026-03-20 14:39:00+00:00,176.127850595881,
49,SELL,586.4650268554688,2026-03-20 14:40:00+00:00,,103292.82462970934
50,BUY,586.3250122070312,2026-03-20 14:42:00+00:00,176.16990999735256,
51,SELL,586.3900146484375,2026-03-20 14:43:00+00:00,,103304.27610396149
52,BUY,586.2999877929688,2026-03-20 14:45:00+00:00,176.19696103497066,
53,SELL,586.405029296875,2026-03-20 14:46:00+00:00,,103322.7840977323
54,BUY,586.094970703125,2026-03-20 14:47:00+00:00,176.29017354265687,
55,SELL,586.47998046875,2026-03-20 14:49:00+00:00,,103390.65753612995
56,BUY,585.0800170898438,2026-03-20 14:54:00+00:00,176.71199582304908,
57,SELL,586.2999877929688,2026-03-20 14:55:00+00:00,,103606.24099392482
58,BUY,585.77001953125,2026-03-20 14:56:00+00:00,176.8718738402377,
59,SELL,586.280029296875,2026-03-20 14:57:00+00:00,,103696.44737684773
60,BUY,585.9000244140625,2026-03-20 14:59:00+00:00,176.98658995713615,
61,SELL,586.4949951171875,2026-03-20 15:01:00+00:00,,103801.74921271823
62,BUY,585.6599731445312,2026-03-20 15:09:00+00:00,177.23893380554057,
63,SELL,586.6900024414062,2026-03-20 15:15:00+00:00,,103984.31050708484
64,BUY,585.9500732421875,2026-03-20 15:16:00+00:00,177.46274854394562,
65,SELL,586.260009765625,2026-03-20 15:17:00+00:00,,104039.31269440822
66,BUY,585.489990234375,2026-03-20 15:22:00+00:00,177.6961424272355,
67,SELL,587.25,2026-03-20 15:23:00+00:00,,104352.05964039404
68,BUY,585.8101806640625,2026-03-20 15:31:00+00:00,178.13288857851987,
69,SELL,586.3099975585938,2026-03-20 15:38:00+00:00,,104441.09346757723
70,BUY,585.9600219726562,2026-03-20 15:41:00+00:00,178.23928177893842,
71,SELL,586.4600219726562,2026-03-20 15:45:00+00:00,,104530.21310846669
72,BUY,585.97998046875,2026-03-20 15:46:00+00:00,178.38529743771892,
73,SELL,586.4700927734375,2026-03-20 15:49:00+00:00,,104617.64193771625
74,BUY,586.2000122070312,2026-03-20 15:51:00+00:00,178.46748508897662,
75,SELL,587.4135131835938,2026-03-20 16:07:00+00:00,,104834.21240515639
76,BUY,586.9299926757812,2026-03-20 16:08:00+00:00,178.61450890799264,
77,SELL,587.2550048828125,2026-03-20 16:15:00+00:00,,104892.26430090438
78,BUY,587.0599975585938,2026-03-20 16:16:00+00:00,178.6738403861953,
79,SELL,587.530029296875,2026-03-20 16:23:00+00:00,,104976.2466766865
80,BUY,585.7000122070312,2026-03-20 16:54:00+00:00,179.23210600784458,
81,SELL,586.1950073242188,2026-03-20 17:04:00+00:00,,105064.96569400361
82,BUY,585.8200073242188,2026-03-20 17:07:00+00:00,179.34683756175642,
83,SELL,585.9600219726562,2026-03-20 17:09:00+00:00,,105090.0768784132
84,BUY,585.3800048828125,2026-03-20 17:21:00+00:00,179.52454132670832,
85,SELL,585.7000122070312,2026-03-20 17:22:00+00:00,,105147.52604651474
86,BUY,584.030029296875,2026-03-20 17:52:00+00:00,180.0378760885016,
87,SELL,584.4500122070312,2026-03-20 18:00:00+00:00,,105223.13887765275
88,BUY,584.27001953125,2026-03-20 18:01:00+00:00,180.09333931265462,
89,SELL,584.4699096679688,2026-03-20 18:02:00+00:00,,105259.1377598701
90,BUY,584.1199951171875,2026-03-20 18:06:00+00:00,180.2012234468241,
91,SELL,584.27001953125,2026-03-20 18:07:00+00:00,,105286.17234283105
92,BUY,581.5499877929688,2026-03-20 18:59:00+00:00,181.04406251025978,
93,SELL,581.8800048828125,2026-03-20 19:03:00+00:00,,105345.91997747417
94,BUY,581.3599853515625,2026-03-20 19:14:00+00:00,181.206004251856,
95,SELL,581.5001220703125,2026-03-20 19:15:00+00:00,,105371.31359232783
96,BUY,581.27001953125,2026-03-20 19:17:00+00:00,181.2777367690523,
97,SELL,581.6199951171875,2026-03-20 19:19:00+00:00,,105434.75637447099
98,BUY,579.7000122070312,2026-03-20 19:42:00+00:00,181.87813378347235,
99,SELL,580.469970703125,2026-03-20 19:47:00+00:00,,105574.79498883124
100,BUY,579.8900146484375,2026-03-20 19:49:00+00:00,182.06003263021648,
101,SELL,592.489990234375,2026-03-23 14:03:00+00:00,,107868.74695514695
102,BUY,591.489990234375,2026-03-23 14:06:00+00:00,182.36783163888285,
103,SELL,593.8400268554688,2026-03-23 14:27:00+00:00,,108297.3180380078
104,BUY,593.47998046875,2026-03-23 14:28:00+00:00,182.47846869657005,
105,SELL,593.864990234375,2026-03-23 14:29:00+00:00,,108367.57403047227
106,BUY,593.5501708984375,2026-03-23 14:31:00+00:00,182.57525537637335,
107,SELL,594.0307006835938,2026-03-23 14:35:00+00:00,,108455.30687871313
108,BUY,593.219970703125,2026-03-23 14:46:00+00:00,182.82477366728645,
109,SELL,593.6599731445312,2026-03-23 14:49:00+00:00,,108535.75022547628
110,BUY,593.0300903320312,2026-03-23 14:51:00+00:00,183.0189597372846,
111,SELL,593.4199829101562,2026-03-23 14:52:00+00:00,,108607.107959534
112,BUY,593.114990234375,2026-03-23 14:57:00+00:00,183.11307208171704,
113,SELL,593.3300170898438,2026-03-23 14:58:00+00:00,,108646.48218761895
114,BUY,593.2100219726562,2026-03-23 14:59:00+00:00,183.150112377277,
115,SELL,594.5,2026-03-23 15:15:00+00:00,,108882.74180829118
116,BUY,593.659912109375,2026-03-23 15:21:00+00:00,183.40928802386574,
117,SELL,594.1699829101562,2026-03-23 15:24:00+00:00,,108976.29353070424
118,BUY,588.9099731445312,2026-03-23 16:07:00+00:00,185.04745801606435,
119,SELL,589.469970703125,2026-03-23 16:08:00+00:00,,109079.91965541721
120,BUY,589.0,2026-03-23 16:10:00+00:00,185.1951097715063,
121,SELL,589.4000244140625,2026-03-23 16:14:00+00:00,,109154.0022206908
122,BUY,586.97998046875,2026-03-23 16:33:00+00:00,185.95864569950527,
123,SELL,587.6599731445312,2026-03-23 16:38:00+00:00,,109280.45273776467
124,BUY,587.5250244140625,2026-03-23 16:39:00+00:00,186.0013585748962,
125,SELL,588.25,2026-03-23 16:50:00+00:00,,109415.29918168268
126,BUY,587.8107299804688,2026-03-23 16:52:00+00:00,186.14035709303613,
127,SELL,588.0700073242188,2026-03-23 16:53:00+00:00,,109463.56115903445
128,BUY,587.0800170898438,2026-03-23 17:06:00+00:00,186.45424468992394,
129,SELL,587.760009765625,2026-03-23 17:13:00+00:00,,109590.34867979193
130,BUY,586.5800170898438,2026-03-23 17:24:00+00:00,186.8293250484298,
131,SELL,588.9299926757812,2026-03-23 17:42:00+00:00,,110029.39303239292
132,BUY,588.5,2026-03-23 17:43:00+00:00,186.96583352997948,
133,SELL,588.5599975585938,2026-03-23 17:44:00+00:00,,110040.61052594517
134,BUY,588.469970703125,2026-03-23 17:48:00+00:00,186.99443642717182,
135,SELL,589.8900146484375,2026-03-23 18:06:00+00:00,,110306.1508432007
136,BUY,589.4099731445312,2026-03-23 18:09:00+00:00,187.14673295178898,
137,SELL,589.72998046875,2026-03-23 18:15:00+00:00,,110366.03916844889
138,BUY,589.27001953125,2026-03-23 18:17:00+00:00,187.29281231080174,
139,SELL,589.5399780273438,2026-03-23 18:18:00+00:00,,110416.60045438947
140,BUY,589.4000244140625,2026-03-23 18:20:00+00:00,187.33728517259124,
141,SELL,589.5999755859375,2026-03-23 18:21:00+00:00,,110454.05876409561
142,BUY,589.4099731445312,2026-03-23 18:23:00+00:00,187.3976752969037,
143,SELL,589.52001953125,2026-03-23 18:27:00+00:00,,110474.68120114152
144,BUY,589.3300170898438,2026-03-23 18:29:00+00:00,187.45809308454005,
145,SELL,590.9550170898438,2026-03-23 18:59:00+00:00,,110779.30060240389
146,BUY,590.6699829101562,2026-03-23 19:06:00+00:00,187.54855301196838,
147,SELL,590.8900146484375,2026-03-23 19:09:00+00:00,,110820.56723653525
148,BUY,589.9500122070312,2026-03-23 19:37:00+00:00,187.84738527583076,
149,SELL,590.135009765625,2026-03-23 19:41:00+00:00,,110855.3185441995
150,BUY,590.0999755859375,2026-03-23 19:42:00+00:00,187.8585377573116,
151,SELL,590.4099731445312,2026-03-23 19:49:00+00:00,,110913.55423226526
152,BUY,583.1500244140625,2026-03-24 13:56:00+00:00,190.19728987186272,
153,SELL,584.340087890625,2026-03-24 14:04:00+00:00,,111139.90108028294
154,BUY,583.760009765625,2026-03-24 14:05:00+00:00,190.3862875514627,
155,SELL,584.5599975585938,2026-03-24 14:11:00+00:00,,111292.20778627276
156,BUY,583.8201904296875,2026-03-24 14:17:00+00:00,190.6275418538754,
157,SELL,584.1599731445312,2026-03-24 14:21:00+00:00,,111356.97972996788
158,BUY,583.6300048828125,2026-03-24 14:26:00+00:00,190.80064218481593,
159,SELL,584.3300170898438,2026-03-24 14:28:00+00:00,,111490.54250860665
160,BUY,583.760009765625,2026-03-24 14:30:00+00:00,190.98694779275687,
161,SELL,584.1099853515625,2026-03-24 14:35:00+00:00,,111557.38327756684
162,BUY,583.6201171875,2026-03-24 14:39:00+00:00,191.14725485332565,
163,SELL,584.7100219726562,2026-03-24 14:44:00+00:00,,111765.71558530096
164,BUY,583.7999877929688,2026-03-24 14:45:00+00:00,191.44521740712352,
165,SELL,584.8099975585938,2026-03-24 14:48:00+00:00,,111959.07712446435
166,BUY,583.4199829101562,2026-03-24 14:50:00+00:00,191.90134106480457,
167,SELL,585.3499755859375,2026-03-24 14:58:00+00:00,,112329.44530719201
168,BUY,584.52001953125,2026-03-24 14:59:00+00:00,192.1738204916805,
169,SELL,586.77001953125,2026-03-24 15:30:00+00:00,,112761.8364032983
170,BUY,586.6199951171875,2026-03-24 15:35:00+00:00,192.2229677506512,
171,SELL,587.0001220703125,2026-03-24 15:41:00+00:00,,112834.90553435001
172,BUY,586.875,2026-03-24 15:47:00+00:00,192.26394979228968,
173,SELL,587.0996704101562,2026-03-24 15:54:00+00:00,,112878.1015548081
174,BUY,585.6199951171875,2026-03-24 16:14:00+00:00,192.74973958534363,
175,SELL,586.6300048828125,2026-03-24 16:29:00+00:00,,113072.78067411097
176,BUY,586.3599853515625,2026-03-24 16:30:00+00:00,192.8385010895929,
177,SELL,586.64501953125,2026-03-24 16:32:00+00:00,,113127.7462380812
178,BUY,585.4600219726562,2026-03-24 16:43:00+00:00,193.22881493582975,
179,SELL,585.969970703125,2026-03-24 16:47:00+00:00,,113226.28302694771
180,BUY,585.6998901367188,2026-03-24 16:49:00+00:00,193.31791747565043,
181,SELL,585.8800048828125,2026-03-24 16:53:00+00:00,,113261.10243456921
182,BUY,585.47998046875,2026-03-24 16:59:00+00:00,193.45000036361537,
183,SELL,585.6799926757812,2026-03-24 17:01:00+00:00,,113299.79479609213
184,BUY,583.0900268554688,2026-03-24 17:27:00+00:00,194.30926542699365,
185,SELL,583.760009765625,2026-03-24 17:32:00+00:00,,113429.97868321324
186,BUY,583.1099853515625,2026-03-24 17:36:00+00:00,194.52587253299262,
187,SELL,583.530029296875,2026-03-24 17:37:00+00:00,,113511.68809817736
188,BUY,583.280029296875,2026-03-24 17:38:00+00:00,194.60924838282563,
189,SELL,583.47998046875,2026-03-24 17:40:00+00:00,,113550.6004454492
190,BUY,583.0999755859375,2026-03-24 17:51:00+00:00,194.73607477233392,
191,SELL,584.2808227539062,2026-03-24 18:09:00+00:00,,113780.55398784547
192,BUY,584.2000122070312,2026-03-24 18:10:00+00:00,194.763011999944,
193,SELL,584.4249877929688,2026-03-24 18:14:00+00:00,,113824.3709105891
194,BUY,583.97998046875,2026-03-24 18:18:00+00:00,194.91142627736036,
195,SELL,584.5999755859375,2026-03-24 18:21:00+00:00,,113945.21504316512
196,BUY,584.280029296875,2026-03-24 18:23:00+00:00,195.01815795464935,
197,SELL,585.6799926757812,2026-03-24 18:45:00+00:00,,114218.23332252339
198,BUY,585.5599975585938,2026-03-24 18:51:00+00:00,195.0581217957844,
199,SELL,585.7098999023438,2026-03-24 18:54:00+00:00,,114247.47299214805
200,BUY,585.3300170898438,2026-03-24 18:59:00+00:00,195.18471572697752,
201,SELL,585.969970703125,2026-03-24 19:20:00+00:00,,114372.3821562348
202,BUY,587.9400024414062,2026-03-25 14:03:00+00:00,194.53070327126292,
203,SELL,588.7000122070312,2026-03-25 14:06:00+00:00,,114520.22739043485
204,BUY,588.2000122070312,2026-03-25 14:07:00+00:00,194.6960642872729,
205,SELL,590.2000122070312,2026-03-25 14:39:00+00:00,,114909.6195190094
206,BUY,590.110107421875,2026-03-25 14:40:00+00:00,194.72572673095985,
207,SELL,590.719970703125,2026-03-25 14:53:00+00:00,,115028.37558965733
208,BUY,590.5800170898438,2026-03-25 14:55:00+00:00,194.77187216132694,
209,SELL,590.6900024414062,2026-03-25 14:58:00+00:00,,115049.79764249148
210,BUY,587.7000122070312,2026-03-25 15:23:00+00:00,195.76279607420267,
211,SELL,588.739990234375,2026-03-25 15:36:00+00:00,,115253.38664898003
212,BUY,587.530029296875,2026-03-25 15:54:00+00:00,196.1659505079412,
213,SELL,587.8599853515625,2026-03-25 15:59:00+00:00,,115318.11279207365
214,BUY,587.3400268554688,2026-03-25 16:19:00+00:00,196.33961167174266,
215,SELL,587.4650268554688,2026-03-25 16:20:00+00:00,,115342.6552435326
216,BUY,587.3350219726562,2026-03-25 16:21:00+00:00,196.38307086837136,
217,SELL,589.2098999023438,2026-03-25 16:46:00+00:00,,115710.84952886797
218,BUY,588.7999877929688,2026-03-25 16:52:00+00:00,196.51978927953664,
219,SELL,589.0698852539062,2026-03-25 16:56:00+00:00,,115763.88972101848
220,BUY,588.8300170898438,2026-03-25 16:59:00+00:00,196.59984437130896,
221,SELL,589.239990234375,2026-03-25 17:01:00+00:00,,115844.49037742974
222,BUY,588.1599731445312,2026-03-25 17:11:00+00:00,196.9608536230036,
223,SELL,588.7100219726562,2026-03-25 17:14:00+00:00,,115952.82846415158
224,BUY,588.3800048828125,2026-03-25 17:20:00+00:00,197.07132720671885,
225,SELL,588.9600219726562,2026-03-25 17:30:00+00:00,,116067.13320184966
226,BUY,588.6799926757812,2026-03-25 17:31:00+00:00,197.16507210357034,
227,SELL,589.489990234375,2026-03-25 17:47:00+00:00,,116226.83642889353
228,BUY,589.1199951171875,2026-03-25 17:57:00+00:00,197.2889010595774,
229,SELL,589.1300048828125,2026-03-25 17:58:00+00:00,,116228.81124455355
230,BUY,588.8800048828125,2026-03-25 18:04:00+00:00,197.37265704527218,
231,SELL,589.1300048828125,2026-03-25 18:06:00+00:00,,116278.15440881488
232,BUY,588.8800048828125,2026-03-25 18:10:00+00:00,197.45644858828973,
233,SELL,589.2899780273438,2026-03-25 18:25:00+00:00,,116359.1062499506
234,BUY,586.7000122070312,2026-03-25 19:12:00+00:00,198.32811288384715,
235,SELL,587.8316040039062,2026-03-25 19:24:00+00:00,,116583.53271557965
236,BUY,587.0700073242188,2026-03-25 19:40:00+00:00,198.5854008228946,
237,SELL,587.2550048828125,2026-03-25 19:43:00+00:00,,116620.27052990424
238,BUY,587.02001953125,2026-03-25 19:49:00+00:00,198.66489497756552,
239,SELL,587.72998046875,2026-03-25 19:59:00+00:00,,116761.31484499086
240,BUY,582.5700073242188,2026-03-26 13:44:00+00:00,200.4245213056591,
241,SELL,582.9600219726562,2026-03-26 13:45:00+00:00,,116839.48334420615
242,BUY,582.5750122070312,2026-03-26 13:46:00+00:00,200.55697703471805,
243,SELL,583.159912109375,2026-03-26 13:48:00+00:00,,116956.78910048811
244,BUY,582.5999755859375,2026-03-26 13:58:00+00:00,200.7497322375637,
245,SELL,584.0499877929688,2026-03-26 14:07:00+00:00,,117247.87866279083
246,BUY,582.989990234375,2026-03-26 14:11:00+00:00,201.11473717697032,
247,SELL,583.8300170898438,2026-03-26 14:18:00+00:00,,117416.82044305002
248,BUY,583.5599975585938,2026-03-26 14:21:00+00:00,201.20779514408113,
249,SELL,583.8399047851562,2026-03-26 14:25:00+00:00,,117473.13995895155
250,BUY,581.3499755859375,2026-03-26 14:59:00+00:00,202.06957064124998,
251,SELL,581.6699829101562,2026-03-26 15:03:00+00:00,,117537.80370155849
252,BUY,581.135009765625,2026-03-26 15:04:00+00:00,202.25558902218287,
253,SELL,581.5900268554688,2026-03-26 15:05:00+00:00,,117629.83345107999
254,BUY,580.9378051757812,2026-03-26 15:20:00+00:00,202.48266234883326,
255,SELL,581.1699829101562,2026-03-26 15:21:00+00:00,,117676.84541687436
256,BUY,580.9500122070312,2026-03-26 15:27:00+00:00,202.5593303110875,
257,SELL,581.0800170898438,2026-03-26 15:28:00+00:00,,117703.17911887403
258,BUY,580.6400146484375,2026-03-26 15:37:00+00:00,202.7128274825156,
259,SELL,580.9600219726562,2026-03-26 15:40:00+00:00,,117768.04870838154
260,BUY,580.7100219726562,2026-03-26 15:41:00+00:00,202.80009686818673,
261,SELL,580.9000244140625,2026-03-26 15:42:00+00:00,,117806.5812219039
262,BUY,580.75,2026-03-26 15:43:00+00:00,202.85248596109153,
263,SELL,581.25,2026-03-26 15:55:00+00:00,,117908.00746488445
264,BUY,580.8099975585938,2026-03-26 16:07:00+00:00,203.00616029425277,
265,SELL,581.030029296875,2026-03-26 16:08:00+00:00,,117952.67526321579
266,BUY,580.530029296875,2026-03-26 16:13:00+00:00,203.18100582338081,
267,SELL,580.8499755859375,2026-03-26 16:14:00+00:00,,118017.68227203697
268,BUY,578.6400146484375,2026-03-26 16:55:00+00:00,203.9570013901313,
269,SELL,578.9600219726562,2026-03-26 17:02:00+00:00,,118082.9500063075
270,BUY,575.7000122070312,2026-03-26 18:41:00+00:00,205.11194633055334,
271,SELL,575.469970703125,2026-03-26 18:42:00+00:00,,118035.76574570447
272,BUY,566.8499755859375,2026-03-27 14:54:00+00:00,208.2310502416342,
273,SELL,567.0900268554688,2026-03-27 14:55:00+00:00,,118085.7518736708
274,BUY,567.22998046875,2026-03-27 15:11:00+00:00,208.17967304211703,
275,SELL,567.1500244140625,2026-03-27 15:12:00+00:00,,118069.10664834823
276,BUY,568.1300048828125,2026-03-27 15:43:00+00:00,207.82057915195344,
277,SELL,568.2999877929688,2026-03-27 15:45:00+00:00,,118104.43259518284
278,BUY,568.2933959960938,2026-03-27 15:59:00+00:00,207.82298972201085,
279,SELL,568.0399780273438,2026-03-27 16:00:00+00:00,,118051.76651526793
280,BUY,566.5449829101562,2026-03-27 16:45:00+00:00,208.37139163932687,
281,SELL,566.8800048828125,2026-03-27 16:51:00+00:00,,118121.57550994006
282,BUY,566.6199951171875,2026-03-27 16:54:00+00:00,208.467008802805,
283,SELL,566.469970703125,2026-03-27 16:57:00+00:00,,118090.30036909305
284,BUY,566.469970703125,2026-03-27 16:58:00+00:00,208.467008802805,
285,SELL,566.0798950195312,2026-03-27 17:00:00+00:00,,118008.98245812755
286,BUY,566.4234008789062,2026-03-27 17:10:00+00:00,208.34058457863094,
287,SELL,566.3400268554688,2026-03-27 17:11:00+00:00,,117991.6122653459
288,BUY,563.64501953125,2026-03-27 18:40:00+00:00,209.33674241186856,
289,SELL,563.810302734375,2026-03-27 18:41:00+00:00,,118026.21211266349
290,BUY,562.5,2026-03-27 19:59:00+00:00,209.82437708917954,
